{"cameraMode":{"drawMode":0,"name":"Shaded","section":"Shading Mode"},"sceneLighting":false,"audioPlay":false,"sceneViewState":{"m_AlwaysRefresh":false,"showFog":true,"showSkybox":false,"showFlares":true,"showImageEffects":true,"showParticleSystems":true,"showVisualEffectGraphs":true,"m_FxEnabled":true},"in2DMode":false,"pivot":{"x":8.449999809265137,"y":2.4619998931884767,"z":1.5479999780654908},"rotation":{"x":-0.05669373273849487,"y":-0.7232697010040283,"z":0.059804826974868777,"w":-0.6856356263160706},"size":0.4513940215110779,"orthographic":false}